{"IcoMoonType":"selection","icons":[{"icon":{"paths":["M554 256l364 256-364 256v-512zM170 768v-512l364 256z"],"attrs":[],"isMulticolor":false,"isMulticolor2":false,"tags":["fast_forward"],"grid":24},"attrs":[],"properties":{"ligatures":"fast_forward","id":10,"order":7,"prevSize":24,"code":59648,"name":"fast_forward"},"setIdx":1,"setId":6,"iconIdx":10},{"icon":{"paths":["M490 512l364-256v512zM470 768l-364-256 364-256v512z"],"attrs":[],"isMulticolor":false,"isMulticolor2":false,"tags":["fast_rewind"],"grid":24},"attrs":[],"properties":{"ligatures":"fast_rewind","id":11,"order":8,"prevSize":24,"code":59649,"name":"fast_rewind"},"setIdx":1,"setId":6,"iconIdx":11},{"icon":{"paths":["M554 682v-340h86v340h-86zM512 854q140 0 241-101t101-241-101-241-241-101-241 101-101 241 101 241 241 101zM512 86q176 0 301 125t125 301-125 301-301 125-301-125-125-301 125-301 301-125zM384 682v-340h86v340h-86z"],"attrs":[],"isMulticolor":false,"isMulticolor2":false,"tags":["pause_circle_outline"],"grid":24},"attrs":[],"properties":{"ligatures":"pause_circle_outline","id":27,"order":3,"prevSize":24,"code":59650,"name":"pause_circle_outline"},"setIdx":1,"setId":6,"iconIdx":27},{"icon":{"paths":["M512 854q140 0 241-101t101-241-101-241-241-101-241 101-101 241 101 241 241 101zM512 86q176 0 301 125t125 301-125 301-301 125-301-125-125-301 125-301 301-125zM426 704v-384l256 192z"],"attrs":[],"isMulticolor":false,"isMulticolor2":false,"tags":["play_circle_outline"],"grid":24},"attrs":[],"properties":{"ligatures":"play_circle_outline","id":30,"order":2,"prevSize":24,"code":59651,"name":"play_circle_outline"},"setIdx":1,"setId":6,"iconIdx":30},{"icon":{"paths":["M512 214q142 0 242 100t100 240q0 142-101 242t-241 100-241-100-101-242h86q0 106 75 181t181 75 181-75 75-181-75-181-181-75v172l-214-214 214-214v172z"],"attrs":[],"isMulticolor":false,"isMulticolor2":false,"tags":["replay"],"grid":24},"attrs":[],"properties":{"ligatures":"replay","id":37,"order":13,"prevSize":24,"code":59652,"name":"replay"},"setIdx":1,"setId":6,"iconIdx":37},{"icon":{"paths":["M682 256h86v512h-86v-512zM256 768v-512l362 256z"],"attrs":[],"isMulticolor":false,"isMulticolor2":false,"tags":["skip_next"],"grid":24},"attrs":[],"properties":{"ligatures":"skip_next","id":39,"order":5,"prevSize":24,"code":59653,"name":"skip_next"},"setIdx":1,"setId":6,"iconIdx":39},{"icon":{"paths":["M406 512l362-256v512zM256 256h86v512h-86v-512z"],"attrs":[],"isMulticolor":false,"isMulticolor2":false,"tags":["skip_previous"],"grid":24},"attrs":[],"properties":{"ligatures":"skip_previous","id":40,"order":6,"prevSize":24,"code":59654,"name":"skip_previous"},"setIdx":1,"setId":6,"iconIdx":40},{"icon":{"paths":["M256 256h512v512h-512v-512z"],"attrs":[],"isMulticolor":false,"isMulticolor2":false,"tags":["stop"],"grid":24},"attrs":[],"properties":{"ligatures":"stop","id":42,"order":4,"prevSize":24,"code":59655,"name":"stop"},"setIdx":1,"setId":6,"iconIdx":42},{"icon":{"paths":["M214 384h170l214-214v684l-214-214h-170v-256zM790 512q0 118-108 172v-344q44 22 76 73t32 99z"],"attrs":[],"isMulticolor":false,"isMulticolor2":false,"tags":["volume_down"],"grid":24},"attrs":[],"properties":{"ligatures":"volume_down","id":48,"order":11,"prevSize":24,"code":59656,"name":"volume_down"},"setIdx":1,"setId":6,"iconIdx":48},{"icon":{"paths":["M298 384h172l212-214v684l-212-214h-172v-256z"],"attrs":[],"isMulticolor":false,"isMulticolor2":false,"tags":["volume_mute"],"grid":24},"attrs":[],"properties":{"ligatures":"volume_mute","id":49,"order":12,"prevSize":24,"code":59657,"name":"volume_mute"},"setIdx":1,"setId":6,"iconIdx":49},{"icon":{"paths":["M512 170v180l-90-90zM182 128l714 714-54 54-88-88q-66 56-156 78v-88q50-14 96-50l-182-182v288l-214-214h-170v-256h202l-202-202zM810 512q0-102-59-180t-153-106v-88q130 28 214 133t84 241q0 94-44 178l-64-66q22-54 22-112zM704 512q0 18-2 26l-104-104v-94q44 22 75 72t31 100z"],"attrs":[],"isMulticolor":false,"isMulticolor2":false,"tags":["volume_off"],"grid":24},"attrs":[],"properties":{"ligatures":"volume_off","id":50,"order":9,"prevSize":24,"code":59658,"name":"volume_off"},"setIdx":1,"setId":6,"iconIdx":50},{"icon":{"paths":["M598 138q130 28 214 133t84 241-84 241-214 133v-88q94-28 153-106t59-180-59-180-153-106v-88zM704 512q0 120-106 172v-344q44 22 75 72t31 100zM128 384h170l214-214v684l-214-214h-170v-256z"],"attrs":[],"isMulticolor":false,"isMulticolor2":false,"tags":["volume_up"],"grid":24},"attrs":[],"properties":{"ligatures":"volume_up","id":51,"order":10,"prevSize":24,"code":59659,"name":"volume_up"},"setIdx":1,"setId":6,"iconIdx":51},{"icon":{"paths":["M598 214h212v212h-84v-128h-128v-84zM726 726v-128h84v212h-212v-84h128zM214 426v-212h212v84h-128v128h-84zM298 598v128h128v84h-212v-212h84z"],"attrs":[],"isMulticolor":false,"isMulticolor2":false,"tags":["fullscreen"],"grid":24},"attrs":[],"properties":{"ligatures":"fullscreen","id":598,"order":14,"prevSize":24,"code":59660,"name":"fullscreen"},"setIdx":1,"setId":6,"iconIdx":598},{"icon":{"paths":["M682 342h128v84h-212v-212h84v128zM598 810v-212h212v84h-128v128h-84zM342 342v-128h84v212h-212v-84h128zM214 682v-84h212v212h-84v-128h-128z"],"attrs":[],"isMulticolor":false,"isMulticolor2":false,"tags":["fullscreen_exit"],"grid":24},"attrs":[],"properties":{"ligatures":"fullscreen_exit","id":599,"order":15,"prevSize":24,"code":59661,"name":"fullscreen_exit"},"setIdx":1,"setId":6,"iconIdx":599}],"height":1024,"metadata":{"name":"icomoon"},"preferences":{"showGlyphs":true,"showQuickUse":true,"showQuickUse2":true,"showSVGs":true,"fontPref":{"prefix":"icon-","metadata":{"fontFamily":"icomoon","majorVersion":1,"minorVersion":0},"metrics":{"emSize":1024,"baseline":6.25,"whitespace":50},"embed":false,"showMetrics":false,"showVersion":false,"showMetadata":false},"imagePref":{"prefix":"icon-","png":true,"useClassSelector":true,"color":0,"bgColor":16777215,"classSelector":".icon","name":"icomoon","height":32,"columns":16,"margin":16,"xaml":false},"historySize":50,"showCodes":true,"gridSize":16}}